{"cameraMode":{"drawMode":0,"name":"Shaded","section":"Shading Mode"},"sceneLighting":false,"audioPlay":false,"sceneViewState":{"showFog":true,"showMaterialUpdate":false,"showSkybox":true,"showFlares":true,"showImageEffects":true,"showParticleSystems":true},"in2DMode":false,"pivot":{"x":17.559999465942384,"y":3.136077642440796,"z":-2.9934544563293459},"rotation":{"x":0.0006862680311314762,"y":0.9933716058731079,"z":0.002627827925607562,"w":-0.11644712835550308},"size":20.80846405029297,"orthographic":false}