{"cameraMode":{"drawMode":0,"name":"Shaded","section":"Shading Mode"},"sceneLighting":false,"audioPlay":false,"sceneViewState":{"showFog":true,"showMaterialUpdate":false,"showSkybox":true,"showFlares":true,"showImageEffects":true,"showParticleSystems":true},"in2DMode":false,"pivot":{"x":-0.18394091725349427,"y":0.4250432550907135,"z":-0.5981600880622864},"rotation":{"x":0.010731714777648449,"y":-0.9873156547546387,"z":0.13894353806972505,"w":0.07627981901168823},"size":3.607961654663086,"orthographic":false}