{"cameraMode":{"drawMode":0,"name":"Shaded","section":"Shading Mode"},"sceneLighting":false,"audioPlay":false,"sceneViewState":{"showFog":true,"showMaterialUpdate":false,"showSkybox":true,"showFlares":true,"showImageEffects":true,"showParticleSystems":true},"in2DMode":false,"pivot":{"x":0.0002092123031616211,"y":0.029259953647851945,"z":-7.450580596923828e-9},"rotation":{"x":-0.0899810791015625,"y":-0.06807684153318405,"z":0.006136488169431686,"w":-0.9936245083808899},"size":0.35159286856651308,"orthographic":false}