{"cameraMode":{"drawMode":0,"name":"Shaded","section":"Shading Mode"},"sceneLighting":false,"audioPlay":false,"sceneViewState":{"showFog":true,"showMaterialUpdate":false,"showSkybox":true,"showFlares":true,"showImageEffects":true,"showParticleSystems":true},"in2DMode":false,"pivot":{"x":-1.162292718887329,"y":2.12636399269104,"z":2.1035687923431398},"rotation":{"x":-0.0064788940362632278,"y":-0.9661088585853577,"z":-0.024341385811567308,"w":0.25711590051651},"size":6.1024909019470219,"orthographic":false}