{"cameraMode":{"drawMode":0,"name":"Shaded","section":"Shading Mode"},"sceneLighting":false,"audioPlay":false,"sceneViewState":{"showFog":true,"showMaterialUpdate":false,"showSkybox":true,"showFlares":true,"showImageEffects":true,"showParticleSystems":true},"in2DMode":false,"pivot":{"x":0.0019192472100257874,"y":0.000023544766008853912,"z":7.688067853450775e-7},"rotation":{"x":-0.3049086332321167,"y":-0.21412567794322968,"z":0.07055579125881195,"w":-0.9253250360488892},"size":0.040743034332990649,"orthographic":false}