{"cameraMode":{"drawMode":0,"name":"Shaded","section":"Shading Mode"},"sceneLighting":false,"audioPlay":false,"sceneViewState":{"showFog":true,"showMaterialUpdate":false,"showSkybox":true,"showFlares":true,"showImageEffects":true,"showParticleSystems":true},"in2DMode":false,"pivot":{"x":-0.035990700125694278,"y":-0.05071656405925751,"z":0.00031931325793266296},"rotation":{"x":0.14335407316684724,"y":0.1613556295633316,"z":-0.023730069398880006,"w":0.9762173891067505},"size":1.7405953407287598,"orthographic":false}