{"cameraMode":{"drawMode":0,"name":"Shaded","section":"Shading Mode"},"sceneLighting":false,"audioPlay":false,"sceneViewState":{"showFog":true,"showMaterialUpdate":false,"showSkybox":true,"showFlares":true,"showImageEffects":true,"showParticleSystems":true},"in2DMode":false,"pivot":{"x":-8.539999008178711,"y":4.5199995040893559,"z":-2.129998207092285},"rotation":{"x":-0.011912066489458084,"y":0.750993549823761,"z":-0.013909959234297276,"w":-0.6602749228477478},"size":39.55230712890625,"orthographic":false}