{"cameraMode":{"drawMode":0,"name":"Shaded","section":"Shading Mode"},"sceneLighting":false,"audioPlay":false,"sceneViewState":{"showFog":true,"showMaterialUpdate":false,"showSkybox":true,"showFlares":true,"showImageEffects":true,"showParticleSystems":true},"in2DMode":false,"pivot":{"x":-0.035990700125694278,"y":-0.05071656405925751,"z":0.00015965662896633148},"rotation":{"x":-0.14787223935127259,"y":-0.1559649109840393,"z":0.023617982864379884,"w":-0.9763586521148682},"size":0.8347896933555603,"orthographic":false}