{"cameraMode":{"drawMode":0,"name":"Shaded","section":"Shading Mode"},"sceneLighting":false,"audioPlay":false,"sceneViewState":{"showFog":true,"showMaterialUpdate":false,"showSkybox":true,"showFlares":true,"showImageEffects":true,"showParticleSystems":true},"in2DMode":false,"pivot":{"x":-3.607710838317871,"y":8.24737548828125,"z":8.521295547485352},"rotation":{"x":-0.007048808038234711,"y":0.9913992285728455,"z":-0.11683535575866699,"w":-0.05956589803099632},"size":6.145034313201904,"orthographic":false}