{"cameraMode":{"drawMode":0,"name":"Shaded","section":"Shading Mode"},"sceneLighting":false,"audioPlay":false,"sceneViewState":{"showFog":true,"showMaterialUpdate":false,"showSkybox":true,"showFlares":true,"showImageEffects":true,"showParticleSystems":true},"in2DMode":false,"pivot":{"x":0.4586555063724518,"y":0.7038694620132446,"z":-0.49019837379455569},"rotation":{"x":0.13130250573158265,"y":-0.331834077835083,"z":0.04672199860215187,"w":0.9330832958221436},"size":16.178470611572267,"orthographic":false}