{"cameraMode":{"drawMode":0,"name":"Shaded","section":"Shading Mode"},"sceneLighting":true,"audioPlay":false,"sceneViewState":{"showFog":true,"showMaterialUpdate":false,"showSkybox":true,"showFlares":true,"showImageEffects":true,"showParticleSystems":true},"in2DMode":false,"pivot":{"x":60.812408447265628,"y":2.831904172897339,"z":81.13330078125},"rotation":{"x":-0.00304071931168437,"y":-0.9932389259338379,"z":0.12109138071537018,"w":0.0002779706846922636},"size":11.19762134552002,"orthographic":false}